{"Case Count":{"2020-01":2.0,"2020-02":13.724137931,"2020-03":81.0967741935,"2020-04":259.2666666667,
               "2020-05":305.3225806452,"2020-06":339.8666666667,"2020-07":396.064516129,
               "2020-08":906.1612903226,"2020-09":1063.2333333333,"2020-10":1130.5806451613,
               "2020-11":1270.4333333333,"2020-12":1404.5483870968,"2021-01":1550.2903225806,
               "2021-02":2207.5714285714,"2021-03":2548.2903225806,"2021-04":2623.5},
  "Death Count":{"2020-01":0.0,"2020-02":0.0,"2020-03":0.0,"2020-04":0.0,"2020-05":0.0,
                 "2020-06":0.0,"2020-07":0.0967741935,"2020-08":20.5483870968,"2020-09":34.9333333333,
                 "2020-10":35.0,"2020-11":35.0,"2020-12":35.0,"2021-01":35.0,"2021-02":35.0,"2021-03":35.0,"2021-04":35.0}}