{"Death Count":{"2020-01":0.0,"2020-02":0.0,"2020-03":0.0,"2020-04":0.0,"2020-05":0.0,"2020-06":0.0,"2020-07":0.0967741935,"2020-08":20.5483870968,"2020-09":34.9333333333,"2020-10":35.0,"2020-11":35.0,"2020-12":35.0,"2021-01":35.0,"2021-02":35.0,"2021-03":35.0,"2021-04":35.0}}